2017,usa,15,male,Bryan
2017,usa,18,male,Justin
2017,usa,15,male,Liam
2017,usa,18,male,Noah
2017,usa,15,male,Oliver
2017,usa,18,male,Elijah
2017,usa,15,male,James
2017,usa,18,male,William
2017,usa,15,male,Benjamin
2017,usa,18,male,Lucas
2017,usa,15,male,Henry
2017,usa,18,male,Theodore
2017,usa,15,male,Jack
2017,usa,18,male,Levi
2017,usa,15,male,Alexander
2017,usa,18,male,Jackson
2017,usa,15,male,Mateo
2017,usa,18,male,Daniel
2017,canada,15,male,Michael
2017,canada,18,male,Mason
2017,canada,15,male,Sebastian
2017,canada,18,male,Ethan
2017,canada,15,male,Logan
2017,canada,18,male,Owen
2017,canada,15,male,Samuel
2017,canada,18,male,Jacob
2017,canada,15,male,Asher
2017,canada,18,male,Aiden
2017,canada,15,male,John
2017,canada,18,male,Joseph
2017,canada,15,male,Wyatt
2017,canada,18,male,David
2017,canada,15,male,Leo
2017,canada,18,male,Luke
2017,mexico,18,male,Julian
2017,mexico,15,male,Hudson
2017,mexico,18,male,Grayson
2017,mexico,15,male,Matthew
2017,mexico,18,male,Ezra
2017,mexico,15,male,Gabriel
2017,mexico,18,male,Carter
2017,mexico,15,male,Isaac
2017,mexico,18,male,Jayden
2017,mexico,15,male,Luca
2017,mexico,15,male,Lucas
2017,españa,15,male,Anthony
2017,españa,18,male,Dylan
2017,españa,15,male,Lincoln
2017,españa,18,male,Thomas
2017,españa,15,male,Maverick
2017,usa,18,female,Olivia
2017,usa,15,female,Emma
2017,usa,18,female,OliviaR
2017,usa,15,female,EmmaW
2017,usa,18,female,Charlotte
2017,usa,16,female,Amelia
2017,usa,18,female,Ava
2017,usa,15,female,Sophia
2017,usa,18,female,Isabella
2017,usa,15,female,Mia
2017,usa,18,female,Evelyn
2017,canada,15,female,Harper
2017,canada,18,female,Luna
2017,canada,15,female,Camila
2017,canada,18,female,Gianna
2017,mexico,15,female,Elizabeth
2017,mexico,18,female,Eleanor
2017,mexico,15,female,Ella
2017,españa,18,female,Abigail
2017,españa,18,female,AbigailD
2018,usa,15,male,Bryan
2018,usa,18,male,Justin
2018,usa,15,male,Liam
2018,usa,18,male,Noah
2018,usa,15,male,Oliver
2018,usa,18,male,Elijah
2018,usa,15,male,James
2018,usa,18,male,William
2018,usa,15,male,Benjamin
2018,usa,18,male,Lucas
2018,usa,15,male,Henry
2018,usa,18,male,Theodore
2018,usa,15,male,Jack
2018,usa,18,male,Levi
2018,canada,15,male,Alexander
2018,canada,18,male,Jackson
2018,canada,15,male,Mateo
2018,canada,18,male,Daniel
2018,canada,15,male,Michael
2018,canada,18,male,Mason
2018,canada,15,male,Sebastian
2018,canada,18,male,Ethan
2018,canada,15,male,Logan
2018,canada,18,male,Owen
2018,canada,15,male,Samuel
2018,canada,18,male,Jacob
2018,mexico,15,male,Asher
2018,mexico,18,male,Aiden
2018,mexico,15,male,John
2018,mexico,18,male,Joseph
2018,mexico,15,male,Wyatt
2018,mexico,18,male,David
2018,mexico,15,male,Leo
2018,mexico,18,male,Luke
2018,mexico,18,male,Julian
2018,mexico,15,male,Hudson
2018,mexico,18,male,Grayson
2018,mexico,15,male,Matthew
2018,españa,18,male,Ezra
2018,españa,15,male,Gabriel
2018,españa,18,male,Carter
2018,españa,15,male,Isaac
2018,españa,18,male,Jayden
2018,españa,15,male,Luca
2018,españa,15,male,Anthony
2018,españa,18,male,Dylan
2018,usa,15,female,Darcy
2018,usa,18,female,Vanessa
2018,usa,15,female,Katherine
2018,usa,18,female,Olivia
2018,usa,15,female,Emma
2018,usa,18,female,Charlotte
2018,usa,16,female,Amelia
2018,usa,18,female,Ava
2018,usa,15,female,Sophia
2018,usa,18,female,Isabella
2018,usa,18,female,Olivia
2018,usa,15,female,Emma
2018,canada,18,female,Charlotte
2018,canada,16,female,Amelia
2018,canada,18,female,Ava
2018,canada,15,female,Sophia
2018,canada,18,female,Isabella
2018,canada,15,female,Mia
2018,canada,18,female,Evelyn
2018,mexico,15,female,Elizabeth
2018,mexico,18,female,Eleanor
2018,mexico,15,female,Ella
2018,españa,18,female,Abigail
2018,españa,18,female,Harper
2019,usa,15,male,Bryan
2019,usa,18,male,Justin
2019,usa,15,male,Liam
2019,usa,18,male,Noah
2019,usa,15,male,Oliver
2019,usa,18,male,Elijah
2019,usa,15,male,James
2019,usa,18,male,William
2019,usa,15,male,Benjamin
2019,usa,18,male,Lucas
2019,usa,15,male,Henry
2019,usa,18,male,Theodore
2019,canada,15,male,Jack
2019,canada,18,male,Levi
2019,canada,15,male,Alexander
2019,canada,18,male,Jackson
2019,canada,15,male,Mateo
2019,canada,18,male,Daniel
2019,canada,15,male,Michael
2019,canada,18,male,Mason
2019,mexico,15,male,Sebastian
2019,mexico,18,male,Ethan
2019,mexico,15,male,Logan
2019,mexico,18,male,Owen
2019,mexico,15,male,Samuel
2019,mexico,18,male,Jacob
2019,mexico,15,male,Asher
2019,mexico,18,male,Aiden
2019,españa,15,male,John
2019,españa,18,male,Joseph
2019,españa,15,male,Wyatt
2019,españa,18,male,David
2019,españa,15,male,Leo
2019,brasil,18,male,Luke
2019,brasil,18,male,Julian
2019,brasil,15,male,Hudson
2019,brasil,18,male,Grayson
2019,brasil,15,male,Matthew
2019,brasil,18,male,Ezra
2019,brasil,15,male,Gabriel
2019,usa,18,female,Carter
2019,usa,15,female,Isaaca
2019,usa,18,female,Jaydena
2019,usa,15,female,Lucasa
2019,usa,15,female,Anthonina
2019,usa,18,female,Dylana
2019,usa,15,female,Darcy
2019,canada,18,female,Vanessa
2019,canada,15,female,Katherine
2019,canada,18,female,Olivia
2019,canada,15,female,Emma
2019,canada,18,female,Charlotte
2019,canada,16,female,Amelia
2019,canada,18,female,Ava
2019,canada,15,female,Sophia
2019,mexico,18,female,Isabella
2019,mexico,18,female,Olivia
2019,mexico,15,female,Emma
2019,mexico,18,female,Charlotte
2019,mexico,16,female,Amelia
2019,mexico,18,female,Ava
2019,españa,15,female,Sophia
2019,españa,18,female,Isabella
2019,españa,15,female,Mia
2019,españa,18,female,Evelyn
2019,brasil,15,female,Elizabeth
2019,brasil,18,female,Eleanor
2019,brasil,15,female,Ella
2019,brasil,18,female,Abigail
2019,brasil,18,female,Harper
2020,usa,15,male,Bryan
2020,usa,18,male,Justin
2020,usa,15,male,Liam
2020,usa,18,male,Noah
2020,usa,15,male,Oliver
2020,usa,18,male,Elijah
2020,usa,15,male,James
2020,usa,18,male,William
2020,canada,15,male,Benjamin
2020,canada,18,male,Lucas
2020,canada,15,male,Henry
2020,canada,18,male,Theodore
2020,canada,15,male,Jack
2020,canada,18,male,Levi
2020,mexico,15,male,Alexander
2020,mexico,18,male,Jackson
2020,mexico,15,male,Mateo
2020,mexico,18,male,Daniel
2020,mexico,15,male,Michael
2020,mexico,18,male,Mason
2020,mexico,15,male,Sebastian
2020,mexico,18,male,Ethan
2020,españa,15,male,Logan
2020,españa,18,male,Owen
2020,españa,15,male,Samuel
2020,españa,18,male,Jacob
2020,españa,15,male,Asher
2020,españa,18,male,Aiden
2020,brasil,15,male,John
2020,brasil,18,male,Joseph
2020,brasil,15,male,Wyatt
2020,brasil,18,male,David
2020,brasil,15,male,Leo
2020,brasil,18,male,Luke
2020,brasil,18,male,Julian
2020,usa,18,female,Carter
2020,usa,15,female,Isaaca
2020,usa,18,female,Jaydena
2020,usa,15,female,Lucasa
2020,usa,15,female,Anthonina
2020,usa,18,female,Dylana
2020,usa,15,female,Darcy
2020,canada,18,female,Vanessa
2020,canada,15,female,Katherine
2020,canada,18,female,Olivia
2020,canada,15,female,Emma
2020,canada,18,female,Charlotte
2020,canada,16,female,Amelia
2020,canada,18,female,Ava
2020,canada,15,female,Sophia
2020,mexico,18,female,Isabella
2020,mexico,18,female,Olivia
2020,mexico,15,female,Emma
2020,mexico,18,female,Charlotte
2020,mexico,16,female,Amelia
2020,mexico,18,female,Ava
2020,españa,15,female,Sophia
2020,españa,18,female,Isabella
2020,españa,15,female,Mia
2020,españa,18,female,Evelyn
2020,españa,15,female,Elizabeth
2020,españa,18,female,Eleanor
2020,brasil,15,female,Ella
2020,brasil,18,female,Abigail
2020,brasil,18,female,Harper
2020,brasil,15,female,Hudsona
2020,brasil,18,female,Graysona
2020,brasil,15,female,Matthewa
2020,brasil,18,female,Ezrasa
2020,brasil,15,female,Gabriela
2021,usa,15,male,Bryan
2021,usa,18,male,Justin
2021,usa,15,male,Liam
2021,usa,18,male,Noah
2021,usa,15,male,Oliver
2021,usa,18,male,Elijah
2021,canada,15,male,James
2021,canada,18,male,William
2021,canada,15,male,Benjamin
2021,canada,18,male,Lucas
2021,canada,15,male,Henry
2021,canada,18,male,Theodore
2021,canada,15,male,Jack
2021,canada,18,male,Levi
2021,mexico,15,male,Alexander
2021,mexico,18,male,Jackson
2021,mexico,15,male,Mateo
2021,mexico,18,male,Daniel
2021,mexico,15,male,Michael
2021,mexico,18,male,Mason
2021,mexico,15,male,Sebastian
2021,mexico,18,male,Ethan
2021,españa,15,male,Logan
2021,españa,18,male,Owen
2021,españa,15,male,Samuel
2021,españa,18,male,Jacob
2021,brasil,15,male,Asher
2021,brasil,18,male,Aiden
2021,brasil,15,male,John
2021,brasil,18,male,Joseph
2021,brasil,15,male,Wyatt
2021,brasil,18,male,David
2021,brasil,15,male,Leo
2021,brasil,18,male,Luke
2021,brasil,18,male,Julian
2021,usa,18,female,Carter
2021,usa,15,female,Isaaca
2021,usa,18,female,Jaydena
2021,usa,15,female,Lucasa
2021,usa,15,female,Anthonina
2021,usa,18,female,Dylana
2021,usa,15,female,Darcy
2021,canada,18,female,Vanessa
2021,canada,15,female,Katherine
2021,canada,18,female,Olivia
2021,canada,15,female,Emma
2021,canada,18,female,Charlotte
2021,canada,16,female,Amelia
2021,canada,18,female,Ava
2021,canada,15,female,Sophia
2021,mexico,18,female,Isabella
2021,mexico,18,female,Olivia
2021,mexico,15,female,Emma
2021,mexico,18,female,Charlotte
2021,mexico,16,female,Amelia
2021,mexico,18,female,Ava
2021,españa,15,female,Sophia
2021,españa,18,female,Isabella
2021,españa,15,female,Mia
2021,españa,18,female,Evelyn
2021,brasil,15,female,Elizabeth
2021,brasil,18,female,Eleanor
2021,brasil,15,female,Ella
2021,brasil,18,female,Abigail
2021,brasil,18,female,Harper
2021,brasil,15,female,Hudsona
2021,brasil,18,female,Graysona
2021,brasil,15,female,Matthewa
2021,brasil,18,female,Ezrasa
2021,brasil,15,female,Gabriela
2022,usa,15,male,Bryan
2022,usa,18,male,Justin
2022,usa,15,male,Liam
2022,usa,18,male,Noah
2022,usa,15,male,Oliver
2022,usa,18,male,Elijah
2022,usa,15,male,James
2022,usa,18,male,William
2022,usa,15,male,Benjamin
2022,usa,18,male,Lucas
2022,canada,15,male,Henry
2022,canada,18,male,Theodore
2022,canada,15,male,Jack
2022,canada,18,male,Levi
2022,canada,15,male,Alexander
2022,canada,18,male,Jackson
2022,canada,15,male,Mateo
2022,canada,18,male,Daniel
2022,canada,15,male,Michael
2022,mexico,18,male,Mason
2022,mexico,15,male,Sebastian
2022,mexico,18,male,Ethan
2022,mexico,15,male,Logan
2022,mexico,18,male,Owen
2022,mexico,15,male,Samuel
2022,mexico,18,male,Jacob
2022,mexico,15,male,Asher
2022,mexico,18,male,Aiden
2022,españa,18,male,Carter
2022,españa,15,male,Isaac
2022,españa,18,male,Jayden
2022,españa,15,male,Lucas
2022,españa,15,male,Anthony
2022,brasil,15,male,John
2022,brasil,18,male,Joseph
2022,brasil,15,male,Wyatt
2022,brasil,18,male,David
2022,brasil,15,male,Leo
2022,brasil,18,male,Luke
2022,brasil,18,male,Julian
2022,usa,18,female,Carter
2022,usa,15,female,Isaaca
2022,usa,18,female,Jaydena
2022,usa,15,female,Lucasa
2022,usa,15,female,Anthonina
2022,usa,18,female,Dylana
2022,usa,15,female,Darcy
2022,canada,18,female,Vanessa
2022,canada,15,female,Katherine
2022,canada,18,female,Olivia
2022,canada,15,female,Emma
2022,canada,18,female,Charlotte
2022,canada,16,female,Amelia
2022,canada,18,female,Ava
2022,canada,15,female,Sophia
2022,mexico,18,female,Isabella
2022,mexico,18,female,Olivia
2022,mexico,15,female,Emma
2022,mexico,18,female,Charlotte
2022,mexico,16,female,Amelia
2022,mexico,18,female,Ava
2022,españa,15,female,Sophia
2022,españa,18,female,Isabella
2022,españa,15,female,Mia
2022,españa,18,female,Evelyn
2022,brasil,15,female,Hudsona
2022,brasil,15,female,Harper
2022,brasil,18,female,Luna
2022,brasil,15,female,Camila
2022,brasil,18,female,Gianna